Nr,naam,definitie,uml-type,ggm-guid,bron,toelichting,domein-iv3,archimate-type,gemma-guid,synoniemen,domein-dcat,domein-gemma
0,Aantekening,,Class,{755B80B2-6522-4c58-A998-D3F00859FE78},,,RSGB Model,,,,,
1,Adres Buitenland,"Toevoeging uit stelselcatalogus

",Class,{3E5B2877-D6CC-487e-BD79-042E32D17550},,,RSGB Model,,,,,
2,Briefadres,,Class,{3015DCE3-7C05-4160-A717-533553258C15},,,RSGB Model,,,,,
3,Onbestemd Adres,,Class,{75E93FC5-3EF8-40b6-B170-ED5A2C36B354},,,RSGB Model,,,,,
4,PersoonAlleenNaam,,Class,{A97054D8-FDCF-4513-B34F-E3DC343FA5E5},,,RSGB Model,,,,,
5,PersoonBSN,,Class,{9AEA61EB-86B2-49cc-B3EB-F40C9235B68C},,,RSGB Model,,,,,
6,PersoonBSNenNaw,,Class,{BE5C1D36-73FD-4419-82C8-0CDCB66D93F5},,,RSGB Model,,,,,
7,PersoonNAW,,Class,{44F0CC4A-59AF-44a8-AF0B-FF204C93E829},,,RSGB Model,,,,,
8,NUMMERAANDUIDING,"Een door het bevoegde gemeentelijke orgaan als zodanig toegekende aanduiding van een VERBLIJFSOBJECT, een STANDPLAATS of een LIGPLAATS.",Class,{31A87864-6CE0-4e93-A493-ECD0FBDD4461},Door KING toegevoegd objecttype (maakt geen deel uit van enige basisregistratie).,<memo>,RSGB Model,,,,,
9,APPARTEMENTSRECHT,"Een KADASTRALE ONROERENDE ZAAK dat een aandeel is in de 
goederen die in de splitsing zijn betrokken, dat de bevoegdheid omvat tot het uitsluitend gebruik van bepaalde gedeelten van het gebouw die blijkens hun inrichting bestemd zijn of worden om als afzonderlijk geheel te worden 
gebruikt (art. 5:106 lid 4 BW).",Class,{869E0A04-A663-4839-970D-7FB82DF6C317},BRK,<memo>,RSGB Model,,,,,
10,APPARTEMENTSRECHTSPLITSING,Het recht op een stuk grond of op een gebouw met toebehoren op de daarbij behorende grond met toebehoren is gesplitst in appartementsrechten.,Class,{C1542AC8-2F3C-4e62-ADFA-A9FB3358DAB1},BRK,<memo>,RSGB Model,,,,,
11,BEGROEID TERREINDEEL,"Kleinste functioneel onafhankelijk stukje van een terrein dat er binnen het objecttype Terrein van NEN 3610 wordt onderscheiden, met aaneengesloten homogene vegetatie.",Class,{D872C213-09D7-4dca-A020-EA363480FC7D},BGT,<memo>,RSGB Model,,,,,
12,BENOEMD OBJECT,Een GEBOUWD OBJECT of een BENOEMD TERREIN,Class,{3E9E08B7-574E-43dc-8D93-251BFA8F8D75},KING,<memo>,RSGB Model,,,,,
13,BENOEMD TERREIN,"Een STANDPLAATS, LIGPLAATS, of een OVERIG BENOEMD TERREIN.",Class,{73F1C4A1-481E-4052-A372-1A0895ED1295},Door KING toegevoegd objecttype (maakt geen deel uit van enige basisregistratie).,<memo>,RSGB Model,,,,,
14,BUURT,"Een aaneengesloten gedeelte van een wijk, waarvan de grenzen zo veel mogelijk gebaseerd zijn op topografische elementen.",Class,{67CC2144-6B88-433c-853D-07379C66D6CF},GFO BG,<memo>,RSGB Model,,,,,
15,Gebied,"Een aaneengesloten gedeelte van een wijk, waarvan de grenzen zo veel mogelijk gebaseerd zijn op topografische elementen.",Class,{5835F691-4452-44de-A1E9-07088AC16D69},GFO BG,<memo>,RSGB Model,,,,,
16,FUNCTIONEEL GEBIED,Begrensd en benoemd gebied dat door een functionele eenheid beschreven wordt.,Class,{B8F44180-1F2A-4bbc-8E17-6C472111A92B},IMGeo,<memo>,RSGB Model,,,,,
17,GEBOUWD OBJECT,Een VERBLIJFSOBJECT of een OVERIG GEBOUWD OBJECT,Class,{752621CC-D5CA-4f4c-A937-AF6C84E6ADED},Door KING toegevoegd objecttype (maakt geen deel uit van enige basisregistratie).,<memo>,RSGB Model,,,,,
18,GEBOUWINSTALLATIE,"Een component aan de buitenzijde van een gebouw, die het aanzicht van het gebouw mede bepaalt.",Class,{6FDC646C-F9E2-4610-8FFE-1ECFA99FFBD7},IMGeo,<memo>,RSGB Model,,,,,
19,GEMEENTE,"Een gedeelte van het grondgebied van Nederland, ingesteld op basis van artikel 123 van de Grondwet.",Class,{B0D9792B-46E7-4b88-B267-C72691616733},"Door KING toegevoegd objecttype, ontleend aan het GFO BG (maakt geen deel uit van enige basisregistratie).",<memo>,RSGB Model,,,,,
20,HUISHOUDEN,"Een duurzame samenlevingsvorm van een of meer natuurlijke personen binnen een VERBLIJFSOBJECT, STANDPLAATS of LIGPLAATS.",Class,{6FB0A5B7-7B5F-437f-A462-4B1EADB964E4},,,RSGB Model,,,,,
21,INRICHTINGSELEMENT,"Ruimtelijk object al dan niet ter detaillering dan wel ter inrichting van de
overige benoemde ruimtelijke objecten of een ander inrichtingselement.",Class,{4DA0EB59-963C-4558-B763-44F542BC8D89},IMGeo,<memo>,RSGB Model,,,,,
22,KADASTRAAL PERCEEL,"Een KADASTRALE ONROERENDE ZAAK dat een kadastraal geïdentificeerd en met kadastrale grenzen begrensd deel van het Nederlands grondgebied betreft (art. 1 lid 1 Kadasterwet). 
",Class,{172AFD36-B400-4660-BFAC-4BBC1077D666},BRK.,<memo>,RSGB Model,,,,,
23,KADASTRALE ONROERENDE ZAAK,Een geregistreerd goed waarvoor bij overdracht of vestiging van rechten inschrijving in de openbare registers van het Kadaster is vereist zijnde een KADASTRAAL PERCEEL of een APPARTEMENTSRECHT.,Class,{9775E778-DBF8-4122-94CE-551466B62F46},BRK,<memo>,RSGB Model,,,,,
24,INGESCHREVEN PERSOON,Een INGEZETENE of NIET-INGEZETENE,Class,{AF9534B0-7CBD-4061-9276-A7B6698B383A},,,RSGB Model,,,,,
25,KADASTRALE ONROERENDE ZAAK AANTEKENING,"Aanduiding van het feit, genoemd in een Stuk, dat betrekking heeft op een onroerende zaak en dat gevolgen kan hebben voor de uitoefening van rechten op de onroerende zaak.",Class,{0BC18F79-3560-4e43-8154-7CCDC7D67A03},BRK,<memo>,RSGB Model,,,,,
26,INGEZETENE,"Een individueel menselijk wezen, ingeschreven in het Nederlands Bevolkingsregister.",Class,{CA19D17F-3EB7-459d-9883-16F0C0B5D35E},,,RSGB Model,,,,,
27,KUNSTWERKDEEL,"Onderdeel van een civiel-technisch werk voor de infrastructuur van wegen, water, spoorbanen, waterkeringen en/of leidingen.",Class,{2EC96974-F21E-4bdb-AF4D-30D7091F5645},BGT,<memo>,RSGB Model,,,,,
28,LIGPLAATS,"Een door het bevoegde gemeentelijke orgaan als zodanig aangewezen plaats in het water al dan niet aangevuld met een op de oever aanwezig terrein of een gedeelte daarvan, die bestemd is voor het permanent afmeren van een voor woon-, bedrijfsmatige of recreatieve doeleinden geschikt vaartuig.",Class,{F4978264-32A5-4e70-97A8-D142B64400A8},BAG,<memo>,RSGB Model,,,,,
29,MAATSCHAPPELIJKE ACTIVITEIT,"Een verband tussen één of meer personen met voldoende mate van zelfstandigheid, inbreng van arbeid of middelen, winstoogmerk en extern optreden (i.g.v. een onderneming) dan wel een in een organisatorisch verband, dat toebehoort aan een niet-natuurlijk persoon welke registratieplichtig is, uitgeoefende activiteit die niet valt onder de criteria voor onderneming of bedrijfsmatigheid welke adresseerbaar is middels ofwel een vestiging ofwel het adres van een bepaalde vertegenwoordiger (i.g.v. een niet-ondernemings-activiteit).",Class,{3DC85114-5C3F-4930-B98B-6EB6ED71FC2E},NHR,<memo>,RSGB Model,,,,,
30,ADRESSEERBAAR OBJECT AANDUIDING,"Een door het bevoegde gemeentelijke orgaan als zodanig toegekende aanduiding van een VERBLIJFSOBJECT, een STANDPLAATS of een LIGPLAATS.",Class,{BA35A5E2-5A1D-4328-91CD-D51694ED5FBA},BAG,<memo>,RSGB Model,,,,,
31,ONBEGROEID TERREINDEEL,"Kleinste functioneel onafhankelijk stukje van een terrein, dat er binnen het objecttype Terrein van NEN 3610 wordt onderscheiden, zonder aaneengesloten vegetatie.",Class,{C32F1546-F793-4f13-91A4-2047E6DE6E91},BGT,<memo>,RSGB Model,,,,,
32,ONDERSTEUNEND WATERDEEL,Object dat in het kader van de waterhuishouding periodiek gedeeltelijk of geheel met water is bedekt.,Class,{7B92809F-CFAE-4be8-BE3A-4E4B94E83F52},BGT,<memo>,RSGB Model,,,,,
33,ONDERSTEUNEND WEGDEEL,Een deel van de weg dat niet primair bedoeld is voor gebruik door het verkeer.,Class,{F55A5977-7E3B-4cf4-B8D1-CFCEECA0DEA1},BGT,<memo>,RSGB Model,,,,,
34,OPENBARE RUIMTE,Een door het bevoegde gemeentelijke orgaan als zodanig aangewezen en van een naam voorziene buitenruimte die binnen één woonplaats is gelegen,Class,{FB13857C-C695-4b53-8060-BACFA0E16950},BAG,<memo>,RSGB Model,,,,,
35,OVERBRUGGINGSDEEL,"Onderdeel van een beweegbare of vaste verbinding tussen twee punten, die door water, een weg of anderszins gescheiden zijn, dat essentieel is voor de constructie.",Class,{2E45A5F3-A685-48c5-98D4-794BE382891E},BGT,<memo>,RSGB Model,,,,,
36,OVERIG BENOEMD TERREIN,"Een door het bevoegde gemeentelijke orgaan als zodanig aangewezen onbebouwd terrein of een gedeelte daarvan, geen standplaats of gedeelte van een ligplaats zijnde, dat bestemd is voor het gedurende langere tijd verrichten van een maatschappelijke activiteit.",Class,{CFA3D54E-C8E0-4559-9475-29D31AF2DECD},Door KING toegevoegd objecttype (maakt geen deel uit van enige basisregistratie).,<memo>,RSGB Model,,,,,
37,NATUURLIJK PERSOON,Een INGESCHREVEN PERSOON of ANDER NATUURLIJK PERSOON,Class,{9F4E12E4-B228-4931-AC83-1B1F60958A89},,,RSGB Model,,,,,
38,OVERIG BOUWWERK,"Met de aarde verbonden duurzaam bouwwerk, dat niet valt onder de definities van een pand of kunstwerk. ",Class,{1DA7BC25-CF02-4161-B9A2-DE0BE27C5254},BGT,<memo>,RSGB Model,,,,,
39,OVERIG GEBOUWD OBJECT,"De kleinste eenheid van gebruik, geen verblijfsobject zijnde, binnen een bij de totstandkoming functioneel en bouwkundig constructief zelfstandige eenheid die direct en duurzaam met de aarde is verbonden.",Class,{7CDF37D9-26D7-46a5-9CF3-392601BDCECA},KING,<memo>,RSGB Model,,,,,
40,NIET NATUURLIJK PERSOON,Een INGESCHREVEN NIET-NATUURLIJK PERSOON of een ANDER BUITENLANDS NIET-NATUURLIJK PERSOON,Class,{3D5CCB29-91E4-458e-8BCD-6741198E45B8},,,RSGB Model,,,,,
41,OVERIGE ADRESSEERBAAR OBJECT AANDUIDING,Een door de gemeenteraad als zodanig toegekende aanduiding van een overig gebouwd object of een overig benoemd terrein.,Class,{7B33EB93-BAD8-4b36-90A1-B3909415EDC3},Door KING toegevoegd objecttype (maakt geen deel uit van enige basisregistratie).,<memo>,RSGB Model,,,,,
42,OVERIGE SCHEIDING,"Kunstmatig, meestal lineair obstakel met een werende functie, met kleinere afmetingen dan toegestaan voor opname in de BGT.",Class,{EC57B722-D4B4-42d2-AF3C-31E085C63EBB},IMGeo,<memo>,RSGB Model,,,,,
43,PAND,De kleinste bij de totstandkoming functioneel en bouwkundig-constructief zelfstandige eenheid die direct en duurzaam met de aarde is verbonden en betreedbaar en afsluitbaar is.,Class,{26D1113F-F7B3-4bdd-9AAE-EA14CC9F3C3F},BAG,<memo>,RSGB Model,,,,,
44,REISDOCUMENT,Een document dat vereist is voor reizen naar het buitenland,Class,{CA9BC1BB-D572-4e47-BECF-17CFD379BD6A},BRP,<memo>,RSGB Model,,,,,
45,SCHEIDING,"Kunstmatig, meestal lineair obstakel met een werende functie.",Class,{A637379F-6E1D-47aa-AE75-3E22FE0DC814},BGT,<memo>,RSGB Model,,,,,
46,SPOOR,"De as van het spoor, dat wil zeggen het midden van twee stalen staven op een onderling vaste afstand, waarover trein, tram, of sneltram rijdt.",Class,{B0EA89D8-EE32-410b-B683-8CA937E5009D},BGT,<memo>,RSGB Model,,,,,
47,STANDPLAATS,"Een door het bevoegde gemeentelijke orgaan als zodanig aangewezen terrein of gedeelte daarvan dat bestemd is voor het permanent plaatsen van een niet direct en niet duurzaam met de aarde verbonden en voor woon -, bedrijfsmatige, of recreatieve doeleinden geschikte ruimte.",Class,{B1C6CA45-49C9-45f0-8B14-A721AD505C50},BAG,<memo>,RSGB Model,,,,,
48,RECHTSPERSOON,Een NATUURLIJK PERSOON of een NIET-NATUURLIJK PERSOON,Class,{9DF5AC43-3673-4b9a-BB5E-6DCA7BE28835},,,RSGB Model,,,,,
49,TENAAMSTELLING,"Een TENAAMSTELLING  vormt de relatie tussen een Recht en een Persoon en geeft aan welk recht, met uitzondering van hypotheek en beslag, door een Persoon wordt uitgeoefend op een Kadastraal object. ",Class,{2651D6E0-6AC8-43a8-A4F6-4706209BAC8E},BRK,<memo>,RSGB Model,,,,,
50,TUNNELDEEL,"Onderdeel van een kunstmatig aangelegde, kokervormige onderdoorgang, dat essentieel is voor de constructie.",Class,{EE07AE43-1825-4377-9984-9636AB015C11},BGT,<memo>,RSGB Model,,,,,
51,VESTIGING,Een gebouw of complex van gebouwen waar duurzame uitoefening van de activiteiten van een onderneming of rechtspersoon plaatsvindt.,Class,{B60B8EF9-D1C0-4e36-BF9B-1C16F92518DD},NHR,<memo>,RSGB Model,,,,,
52,VEGETATIEOBJECT,Solitair vegetatieobject of lijn- of vlakvormige groep gelijksoortige vegetatieobjecten met een beperkte omvang.,Class,{9980DF6D-0C86-4039-8400-C54DAC77FB79},IMGeo,<memo>,RSGB Model,,,,,
53,VERBLIJFSOBJECT,"De kleinste binnen één of meer panden gelegen en voor woon -, bedrijfsmatige, of recreatieve doeleinden geschikte eenheid van gebruik die ontsloten wordt via een eigen afsluitbare toegang vanaf de openbare weg, een erf of een gedeelde verkeersruimte, onderwerp kan zijn van goederenrechtelijke rechtshandelingen en in functioneel opzicht zelfstandig is.",Class,{A33151CE-37B2-4026-B0AF-B541687B5B7C},BAG,<memo>,RSGB Model,,,,,
54,WATERDEEL,"Kleinste functioneel onafhankelijk stukje water met gelijkblijvende, homogene eigenschappen en relaties dat er binnen het objecttype Water van NEN 3610 wordt onderscheiden.",Class,{FD0B5F4D-AE9B-47bd-8C60-031D21AC24B1},BGT,<memo>,RSGB Model,,,,,
55,WEGDEEL,"Kleinste functioneel onafhankelijk stukje van een NEN 3610 Weg,  met gelijkblijvende homogene eigenschappen en relaties en primair bedoeld voor gebruik door weg-, spoor- en vliegverkeer te land ",Class,{9B0F3F8B-B79B-46f7-BF81-96E4C63B9AC2},BGT,<memo>,RSGB Model,,,,,
56,VERBLIJFSTITEL,Rechtsgrond op basis waarvan men bevoegd is in een land te verblijven.,Class,{A660422D-E9ED-47c9-9978-480E57572775},,,RSGB Model,,,,,
57,WIJK,"Een aaneengesloten gedeelte van het grondgebied van een gemeente, waarvan de grenzen zo veel mogelijk zijn gebaseerd op sociaal-geografische kenmerken.",Class,{2F759BC4-7E3C-4ce9-94FF-33A4106A6E5A},GFO BG,<memo>,RSGB Model,,,,,
58,WOONPLAATS,Een door het bevoegde gemeentelijke orgaan als zodanig aangewezen en van een naam voorzien gedeelte van het grondgebied van de gemeente.,Class,{039AFF88-F5F7-4c1a-B7E4-1BDFC495F67A},BAG,<memo>,RSGB Model,,,,,
59,WOZ-DEELOBJECT,"Aanduiding van afzonderlijke elementen (delen van het object, bijzondere waarderelevante factoren) die voor de onderbouwing van de vastgestelde waarde van belang zijn.",Class,{EEC30588-0E12-41c9-977E-C885A0A7EDC3},Gegevenswoordenboek WOZ,<memo>,RSGB Model,,,,,
60,WOZ-OBJECT,De onroerende zaak waarvan op grond van de Wet WOZ de waarde moet worden bepaald en vastgesteld.,Class,{CB7BA76D-0793-4d5a-9596-533C5BC56BBF},BRWOZ,<memo>,RSGB Model,,,,,
61,WOZ-WAARDE,De op grond van de Wet WOZ vastgestelde waarde van het WOZ-object naar de genoemde waardepeildatum.,Class,{7C387F42-EC1A-4a78-B09B-533AAB03C0C2},BRWOZ,<memo>,RSGB Model,,,,,
62,ZAKELIJK RECHT,"Het eigendom van, of een beperkt recht van een natuurlijk of niet-natuurlijk persoon (PERSOON) op, een onroerende zaak (met uitzondering van hypotheken en beslagen).",Class,{8C809341-AC60-4378-8BA0-0843E8C06AF3},BRK,<memo>,RSGB Model,,,,,
63,ZEKERHEIDSRECHT,Een zekerheidsrecht is een beperkt recht (hypotheek) of een beperking (beslag).,Class,{3397A5B5-E789-46e6-8559-C528EA55F830},BRK,<memo>,RSGB Model,,,,,
64,LOCATIEAANDUIDING ADRES WOZ OBJECT,Nadere aanduiding van het WOZ-object middels een locatieomschrijving van ADRESSEERBAAR OBJECT AANDUIDING.,Class,{DF81069D-CBE4-433e-AB7C-CB06170275C9},,,Relatieklasse,,,,,
65,Adresaanduiding,,Class,{C14C1D0E-2EE3-4d79-B7AB-BC0B7686FEF4},,,Groepattribuutsoort,,,,,
66,Correspondentieadres buitenland,De gegevens over het buitenlands correspondentie (-post)adres in het buitenland,Class,{CE58213C-7904-4c04-964C-8CE34C4443DF},KING ,<memo>,Groepattribuutsoort,,,,,
67,Geboorte ingeschreven natuurlijk persoon,Gegevens over de geboorte van de INGESCHREVEN NATUURLIJK PERSOON.,Class,{C9DD308F-7EA7-4c1a-BC7D-68077692C113},BRP,<memo>,Groepattribuutsoort,,,,,
68,Geboorte INGESCHREVEN PERSOON,Gegevens over de geboorte van de ingeschreven persoon.,Class,{4904DACB-3C13-43c1-BA00-137D9BFA3856},,,Groepattribuutsoort,,,,,
69,Handelsnamen MAATSCHAPPELIJKE ACTIVITEIT,{nog niet in NHR uitgewerkt},Class,{EAF23F0A-1175-465d-A889-7396B2E18967},,,Groepattribuutsoort,,,,,
70,Handelsnamen VESTIGING,{nog niet in NHR uitgewerkt},Class,{FDD9A2C7-930E-4646-B1FE-81060430DC55},,,Groepattribuutsoort,,,,,
71,Koopsom kadastrale onroerende zaak,"Het in een ter inschrijving aangeboden stuk vermelde bedrag, waarvoor 1 of meer onroerende zaken zijn verkregen. ",Class,{B1CB6F3A-A1F5-43f2-B077-02AD7441B1E3},BRK,<memo>,Groepattribuutsoort,,,,,
72,Locatie kadastrale onroerende zaak,Deze wordt gebruikt om één of meer locatieaanduiding(en) van een onroerende zaak weer te geven.,Class,{1ECAEB3C-EBE2-4afb-8D34-6AFEEFDF3FCA},KING o.b.v. BRK,<memo>,Groepattribuutsoort,,,,,
73,Migratie ingeschreven natuurlijk persoon,Om gegevens vast te leggen over immigratie en emigratie.,Class,{21BC7953-0237-44c7-ACA5-8A8BC7AE96AD},BRP,<memo>,Groepattribuutsoort,,,,,
74,Naam aanschrijving NATUURLIJK PERSOON,De naamgegevens waarmee de persoon heeft aangegeven aangeschreven te willen worden,Class,{1F5046AA-A7C3-4146-9C7C-E80AC8F7A2FF},,,Groepattribuutsoort,,,,,
75,Naam NATUURLIJK PERSOON,Gegevens over de naam van de natuurlijk persoon,Class,{47AEC100-56C6-4450-B6A2-02C7E420D5EC},,,Groepattribuutsoort,,,,,
76,Naamgebruik natuurlijk persoon,De naamgegevens waarmee de persoon heeft aangegeven aangeschreven te willen worden,Class,{02601AC0-9F85-47e3-82AF-7E8D860559F7},BRP,<memo>,Groepattribuutsoort,,,,,
77,Nationaliteit ingeschreven natuurlijk persoon,Gegevens over de nationaliteit.,Class,{261B509E-6879-4475-B5F8-77E8428816CE},BRP,<memo>,Groepattribuutsoort,,,,,
78,Nederlandse nationaliteit INGESCHREVEN PERSOON,Gegevens over de nationaliteit.,Class,{BA5F2281-466D-4c69-9EB8-D10614C5CD8E},,,Groepattribuutsoort,,,,,
79,Ontbinding huwelijk/geregistreerd partnerschap,Gegevens over het ontbonden huwelijk of geregistreerd partnerschap.,Class,{10E7F112-407D-4099-9CC7-F6B53DD094BF},BRP,<memo>,Groepattribuutsoort,,,,,
80,Overlijden ingeschreven natuurlijk persoon,Gegevens over het overlijden van de ingeschreven natuurlijk persoon.,Class,{26BCBA8B-C96C-4fc1-8CC3-40698E0FB71E},BRP,<memo>,Groepattribuutsoort,,,,,
81,Overlijden INGESCHREVEN PERSOON,Gegevens over het overlijden van de ingeschreven persoon.,Class,{E4578F75-847E-48ef-A91F-EF8B53AEDEC5},,,Groepattribuutsoort,,,,,
82,Postadres,De gegevens die tezamen een postbusadres of antwoordnummeradres vormen,Class,{990C2EBD-AB9B-4f3f-AFF0-18BA11A552DA},KING,<memo>,Groepattribuutsoort,,,,,
83,Rekeningnummer ,De gegevens inzake de bankrekening waarmee het SUBJECT in de regel financieel communiceert. ,Class,{BB4BA421-A7D6-4b33-B64A-49AA82C56242},KING,<memo>,Groepattribuutsoort,,,,,
84,Samengestelde naam natuurlijk persoon,Gegevens over de naam van de NATUURLIJK PERSOON,Class,{61321504-DFA1-4b65-853B-88C0581576F9},BRP,<memo>,Groepattribuutsoort,,,,,
85,SBI activiteit vestiging,Aanduiding van de activiteit (en) van een vestiging  conform de Standaard BedrijfsIndeling ,Class,{EAD40DDC-9904-4cde-BE9B-2100268E71B7},NHR,<memo>,Groepattribuutsoort,,,,,
86,Sluiting/aangaan huwelijk/geregistreerd partnerschap,Gegevens over het gesloten huwelijk of het aangegane geregistreerd partnerschap.,Class,{28A0D7C0-DABF-403b-B263-22F424032A28},BRP,<memo>,Groepattribuutsoort,,,,,
87,Soort functioneel gebied,Gegevens over het soort functioneel gebied.,Class,{C2D0F78A-D6FC-4330-B78C-4F4B34EE1349},KING,<memo>,Groepattribuutsoort,,,,,
88,Soort kunstwerk,Gegevens over het soort kunstwerk.,Class,{64D33964-B205-4071-9C0F-00E6AFDACC45},KING,<memo>,Groepattribuutsoort,,,,,
89,Soort overig bouwwerk,Gegevens over het soort overig bouwwerk.,Class,{4CB05400-6AE8-44d9-AA8A-5CA84CFB0B6E},KING,<memo>,Groepattribuutsoort,,,,,
90,Soort scheiding,Gegevens over de soort scheiding,Class,{E500F84E-81CE-4984-832E-C3B53D14722A},KING,<memo>,Groepattribuutsoort,,,,,
91,Soort spoor,Gegevens over het soort spoor.,Class,{2F658B5B-1B89-437e-8EAD-FD544FD62A0A},KING,<memo>,Groepattribuutsoort,,,,,
92,Splitsingstekeningreferentie ,"<font color=""#0f0f0f"">Verwijzing naar de splitsingstekening behorende bij de APPARTEMENTSRECHTSPLITSING</font>",Class,{C97E674B-BCBC-45e8-B60C-1E0C7954D751},KING,<memo>,Groepattribuutsoort,,,,,
93,Verblijf buitenland,De gegevens over het verblijf in het buitenland,Class,{E3567219-5744-4b70-901D-BAEBD8FF4947},KING op basis van BRP,<memo>,Groepattribuutsoort,,,,,
94,Verblijf buitenland SUBJECT,De gegevens over het verblijf in het buitenland,Class,{19BA2B32-7BC5-41be-A352-21C41423C4B2},,,Groepattribuutsoort,,,,,
95,Verblijfadres ingeschreven natuurlijk persoon,De gegevens over het verblijf en adres van de INGESCHREVEN NATUURLIJK PERSOON,Class,{E5E010C2-C1F3-4986-AA9A-C71C19263606},BRP,<memo>,Groepattribuutsoort,,,,,
96,Verblijfadres INGESCHREVEN PERSOON,De gegevens over het verblijf en adres van de INGESCHREVEN PERSOON,Class,{F6DAC299-3F19-45c6-BFFE-EB38C1C51459},,,Groepattribuutsoort,,,,,
97,Verblijfsrecht ingeschreven natuurlijk persoon,De gegevens om het verblijfsrecht vast te leggen.,Class,{0DC6F150-CF59-4376-A5F0-E0B600BE4C53},BRP,<memo>,Groepattribuutsoort,,,,,
98,Verstrekkingsbeperking  partieel ingeschreven natuurlijk persoon,Een INGESCHREVEN NATUURLIJK PERSOON kan voor één of meerdere partijen kiezen voor wie een verstrekkingsbeperking geldt.,Class,{8E090A86-8095-458c-B162-B09982158CD5},BRP,<memo>,Groepattribuutsoort,,,,,
99,AANDUIDING VERBLIJFSRECHT,Aanduiding in verband met het verblijfsrecht van de vreemdeling.,Class,{EBE4A0C9-9281-4750-8E70-AF70A549CD6B},BRP,<memo>,Referentielijsten,,,,,
100,AUTORITEIT AFGIFTE NEDERLANDS REISDOCUMENT,Een opsomming van de diverse coderingen van de autoriteiten die een Nederlands reisdocument kunnen afgegeven ,Class,{E36F8A4C-C487-40ec-9D4F-4FDF5DCED461},BRP,<memo>,Referentielijsten,,,,,
101,Verblijfstitel,,Class,{0F51B100-1C60-4d54-9B60-1C9BF9C856A2},,,Referentielijsten,,,,,
102,AARD AANTEKENING,Een opsomming van de diverse aarden van de aantekeningen zoals door de Dienst Kadaster is onderscheiden.,Class,{BE0C0747-E9CD-4ae1-A83C-94A724513C7B},BRK,<memo>,Referentielijsten,,,,,
103,AARD ZAKELIJK RECHT,Een opsomming van de diverse aarden van het zakelijk rechten zoals door de Dienst Kadaster is onderscheiden.,Class,{AC4F4A9C-1623-4447-9813-0722CDD58E66},BRK,<memo>,Referentielijsten,,,,,
104,AARD FILIATIE,Een opsomming van redenen waarom kadastrale onroerende zaken aan elkaar gerelateerd kunnen zijn,Class,{1453EF69-1E5E-49ae-8510-A68652374710},BRK,<memo>,Referentielijsten,,,,,
105,ACADEMISCHE TITEL,Een formeel via het Staatsblad gepubliceerde aanduiding van een wetenschappelijke of andere graad van opleiding welke bij aanschrijving voorafgaat aan de voornamen (dan wel de daarvan afgeleide naamgegevens) dan wel volgt op de achternaam.,Class,{B2857D85-8135-461e-90FF-A2E3DDD9981D},,,Referentielijsten,,,,,
106,AKR KADASTRALE GEMEENTECODE,De door de Dienst Kadaster onderkende AKR codes voor  kadastrale gemeenten,Class,{6BA8DD14-1CC9-4669-BDCC-856B5C628D6B},BRK,<memo>,Referentielijsten,,,,,
107,CULTUURCODE BEBOUWD,De mogelijke cultuurcodes bebouwd conform de waardelijst Cultuurcode Bebouwd van het Kadaster,Class,{DADECD97-1605-4c24-84A7-46AB2327468D},BRK,<memo>,Referentielijsten,,,,,
108,CULTUURCODE ONBEBOUWD,De mogelijke cultuurcodes bebouwd conform de waardelijst Cultuurcode Bebouwd van het Kadaster,Class,{ACAF3418-7E0F-43eb-B470-4AF98C37A49B},BRK,<memo>,Referentielijsten,,,,,
109,WOZ DEELOBJECTCODE,De mogelijke codes  waarin een soort object kan worden uitgedrukt conform de uniforme deelobjectcodelijst van de Waarderingskamer,Class,{D8154D91-27A5-4cc1-9B52-639BF24CAC29},BRWOZ,<memo>,Referentielijsten,,,,,
110,KADASTRALE GEMEENTE,"De mogelijke onderscheiden gedeeltes van het grondgebied van Nederland, volgens de Dienst Kadaster en de Openbare Registers, zoals nader omschreven in het Kadasterbesluit",Class,{51BA37A4-2E1D-4704-9153-02759084D5E2},BRK,<memo>,Referentielijsten,,,,,
111,LAND/GEBIED,"Een gedeelte van de wereld met een eigen bestuur, waarvan de soevereiniteit in ieder geval door Nederland is erkend.",Class,{A17A01A9-2A4F-46e8-A55A-2B151F8ED46E},GFO BG,<memo>,Referentielijsten,,,,,
112,Provincie,"Een gedeelte van de wereld met een eigen bestuur, waarvan de soevereiniteit in ieder geval door Nederland is erkend.",Class,{5A8F56B7-AE35-4212-B059-DAD064EDBAB8},GFO BG,<memo>,Referentielijsten,,,,,
113,PARTIJ,Een PARTIJ die bij de centrale voorzieningen van de BRP bekend is.,Class,{0F175713-CEAB-4c6e-8A61-27F93C1FC777},BRP,<memo>,Referentielijsten,,,,,
114,REDEN VERKRIJGING NATIONALITEIT,Tabel waarin de redenen staan voor opname van de Nederlandse nationaliteit.,Class,{61D1E99C-DF5E-48ee-8BAB-4ACA1745BC7C},BRP,<memo>,Referentielijsten,,,,,
115,REDEN VERLIES NATIONALITEIT,Tabel waarin de redenen staan voor beëindiging van de Nederlandse nationaliteit.,Class,{7F97B43F-CCA1-4bfc-9824-9BEC8D2A70E6},BRP,<memo>,Referentielijsten,,,,,
116,REISDOCUMENTSOORT,Een opsomming van de modellen van de Nederlandse reisdocumenten.,Class,{6B9EC881-1112-44bc-B114-203A793A54B1},BRP,<memo>,Referentielijsten,,,,,
117,SBI ACTIVITEIT,De hiërarchische indeling van economische activiteiten conform SBI (Standaard Bedrijfsindeling).,Class,{B3F47842-F9C5-4417-BC76-05CA58D4998D},CBS,<memo>,Referentielijsten,,,,,
118,SOORT GROOTTE,Een opsomming van de  soorten grootte zoals die kunnen voorkomen in een aktetekst van het Kadaster  en aanduiden op welke wijze de grootte van een perceel is vastgesteld conform de waardelijst SoortGrootte van het Kadaster,Class,{9D7F05BF-414E-4071-9E78-FAD2AA21D40E},BRK,<memo>,Referentielijsten,,,,,
119,SOORT WOZ-OBJECT,De mogelijke codes  waarin een soort object kan worden uitgedrukt conform de uniforme soort objectcodelijst van de Waarderingskamer,Class,{3741181A-07D0-4f62-B076-B3318266500F},BRWOZ,<memo>,Referentielijsten,,,,,
120,VALUTASOORT,De mogelijke munteenheden waarin een geldbedrag kan worden uitgedrukt conform de waardelijst Valutasoort van het Kadaster,Class,{DC6C8DCB-EE07-4e2b-9087-648BD0D0D473},BRK,<memo>,Referentielijsten,,,,,
121,LAND,"Een gedeelte van de wereld met een eigen bestuur, waarvan de soevereiniteit in ieder geval door Nederland is erkend.",Class,{4B2CCD18-9004-4253-B72E-9243F3330F02},,,Referentielijsten,,,,,
122,NATIONALITEIT,De hoedanigheid van tot een bepaalde natie te behoren.,Class,{71B3BE0D-2BF9-4740-9597-A0EEC75AFE9B},,,Referentielijsten,,,,,
123,VALUTA,De hoedanigheid van tot een bepaalde natie te behoren.,Class,{ABC4F2A1-A1C6-4db4-9227-4D7D63C5F94E},,,Referentielijsten,,,,,
124,Objecttype A,,Class,{AE553F3F-B8B6-4bd2-A6A1-8051145C823B},,<memo>,Tekenwijze,,,,,
125,Objecttype B,,Class,{0799B0D1-5067-43e2-8A6F-48FB972225E5},,<memo>,Tekenwijze,,,,,
126,Objecttype C,,Class,{889A7DC6-B389-4e02-BB53-CC0B2B5B0D91},,<memo>,Tekenwijze,,,,,
127,Objecttype D,,Class,{DE4D6CAB-7798-46cd-AE1B-328684681323},,<memo>,Tekenwijze,,,,,
128,Objecttype E,,Class,{EF4E7B58-F178-4a4f-85C5-A5CD93747A36},,<memo>,Tekenwijze,,,,,
129,Objecttype F,,Class,{23D170D0-917E-4873-A622-43214405AB3D},,<memo>,Tekenwijze,,,,,
130,Objecttype G,,Class,{97EE5348-F06A-44cb-A792-7371CF5D2E53},,<memo>,Tekenwijze,,,,,
131,MultiPuntLijn(Multi)Vlak,"Een samengesteld geometrie datatype waarbij wordt afgedwongen dat één van de voorkomens van de attributen geometrieMultiPunt, geometrieLijn, geometrieVlak of geometrieMultivlak moet worden toegepast. 
",DataType,{3616725E-8ABE-4756-9F76-EF38A8E7CE3D},Geonovum,,Union,,,,,
132,BAGObjectnummering,Unieke objectaanduiding van een object uit de BAG binnen een gemeente.,DataType,{AB8B30D0-FD1F-4c44-9396-BB05389EA20B},BAG,,Complex datatype,,,,,
133,CompositeID,"Unieke identificatie door het Kadaster toegekend. De identificatie heeft een opbouw conform NEN3610:2011 maar 
namespaces zijn onder beheer van kadaster (CDMKAD, delen van IMKAD) of Geonovum/NEN3610 (IMKAD). 
 
",DataType,{D0110970-3A90-451c-9EF3-ABD4AD5AA82A},NEN3610,,Complex datatype,,,,,
134,TypeBedrag,Een hoeveelheid geld in cijfers in een bepaalde valuta.,DataType,{510A0B01-75F9-430e-9FF1-99911FAA614E},BRK,,Complex datatype,,,,,
135,TypeBreuk,De uitkomst van een deling van een geheel getal (de teller) door een ander geheel getal (de noemer).,DataType,{02C9FDB1-0F08-4cd9-80FE-319F83C26757},BRK,,Complex datatype,,,,,
136,TypeKadastraleAanduiding,De typering van de kadastrale aanduiding van een onroerende zaak conform Kadaster.,DataType,{DB619B91-E690-49c0-88C0-733F37C0357B},BRK,,Complex datatype,,,,,
137,TypeKadastraleAanduiding - Copy,De typering van de kadastrale aanduiding van een onroerende zaak conform Kadaster.,DataType,{6591AE17-4C53-4cc4-B18F-655D25E5B0BE},BRK,,Complex datatype,,,,,
138,TypeKoopsom,"Hetbedrag, waarvoor één of meer onroerende zaken zijn verkregen, het koopjaar en een indicator of het meerdere onroerende goederen betreft.
",DataType,{72D99BCE-F52F-4a19-90A6-5813DB40066B},BRK,,Complex datatype,,,,,
139,TypeLabel,De tekst en positie van een label. ,DataType,{C74E1553-32AE-4fd8-9796-00C6E1C51A11},BGT,,Complex datatype,,,,,
140,TypeLabelpositie,"De positie van een label op de kaart, samengesteld uit plaatsingspunt en rotatiehoek. 
",DataType,{5EEC2C27-B576-4f86-9768-5E785592FA4F},BGT,,Complex datatype,,,,,
141,TypeLandinrichtingsrente,"De rente die berekend is over de percelen die in een herverkavelingblok van een landinrichtingsproject hebben 
gelegen.",DataType,{46A510E7-E757-4ad6-B697-DF79FE87F4F2},BRK,,Complex datatype,,,,,
142,TypeLandinrichtingsrente - Copy,"De rente die berekend is over de percelen die in een herverkavelingblok van een landinrichtingsproject hebben 
gelegen.",DataType,{CA528BE2-8D22-440f-94BB-0209C7E9A2C0},BRK,,Complex datatype,,,,,
143,Boolean,,Enumeration,{9BD0FBCB-1A9E-4cab-9280-0EBC428E38F7},,,Enumeratiesoort,,,,,
144,Gezinsrelatie,,Enumeration,{8F83BD4F-86BF-459d-89EF-6E7CE6DCA385},,,Enumeratiesoort,,,,,
145,Huishoudensoort,"<b>Definitie</b>:

Typering van het huishouden naar grootte en verbondenheid.

<b>Toelichting</b>:

Voor de definities van institutioneel huishouden en particulier huishouden: zie de toelichting bij het objecttype Huishouden. Onder Thuiswonende kinderen wordt verstaan: alle in het huishouden van hun ouder(s) aanwezige eigen, pleeg-, stief- of adoptiekinderen die ongehuwd zijn en zelf geen kinderen hebben (CBS, Huishoudensprognose 1996). In een adresseerbaar object kunnen één of meer huishoudens wonen. In de tabel worden de huishoudens gekarakteriseerd, uitgaande van de CBS-Huishoudensprognose. Tot de categorie Overig particulier huishouden behoren bijvoorbeeld: een woongroep, studenten die gezamenlijk een huishouden vormen, een kamerbewoner die in zijn eigen onderhoud voorziet, twee zussen die samenwonen.",Enumeration,{593847E0-1DB5-4db9-89D0-BDBAA608A143},,,Enumeratiesoort,,,,,
146,aanduidingEigenaarGebruiker,Een aanduiding van alle waarden waarmee soort belang van een eigenaar / gebruiker wordt aangeduid. ,Enumeration,{E5990F7B-3BD5-4e8f-9595-1F50FD952BD5},,,Enumeratiesoort,,,,,
147,aanduidingInhoudingVermissingReisdocument,"De mogelijke waarden van de aanduiding van inhouding of vermissing van een Nederlands reisdocument. 
Zie logisch ontwerp BRP bij de stamtabellen
",Enumeration,{9B477DCC-620F-4128-A65D-0CD045BCE16B},,,Enumeratiesoort,,,,,
148,aangever,De aangever adreshouding mag alleen een binnen de centrale voorzieningen voorgedefinieerde waarde hebben. Zie logisch ontwerp BRP bij de stamtabellen,Enumeration,{9FB86122-42DC-4375-ABF7-018B98BD3A3F},,,Enumeratiesoort,,,,,
149,burgelijkeStaat,Een aanduiding van alle waarden die een burgelijke staat kan aannemen,Enumeration,{CC77021D-2E01-45a9-BA46-7705DA27F49A},,,Enumeratiesoort,,,,,
150,adelijkeTitel,Zie logisch ontwerp BRP bij de stamtabellen,Enumeration,{C27488AF-81A5-4ae3-8838-C036EA0B3167},,,Enumeratiesoort,,,,,
151,bouwkundigeBestemming,Een aanduiding van alle waarden waarmee de bouwkundige bestemming van een gebouwd object kan worden verbijzonderd,Enumeration,{F17DBEB0-CCE5-46e8-920F-CDAFAD036E6A},,,Enumeratiesoort,,,,,
152,bronAdresBuitenland,,Enumeration,{65CA94EA-CFF1-4c4d-9294-81E513440961},,,Enumeratiesoort,,,,,
153,codeExploitant,De verschillende rechten voor exploitatie van een perceel in eigendom van de gemeenten,Enumeration,{C9165029-12D2-4ed4-9CFB-016353926D82},,,Enumeratiesoort,,,,,
154,functieOndersteunendWegdeel,Een aanduiding van alle waarden waarmee de functie van een ondersteunend wegdeel kan worden verbijzonderd,Enumeration,{D01E5036-EAC0-4cdb-A96B-E31BCAEF106B},,,Enumeratiesoort,,,,,
155,functieOndersteunendWegdeelPlus,De verschillende  waarden waarmee een nadere classificatie van de functie van een ondersteunend wegdeel kan worden aangegeven.,Enumeration,{A2AA4009-A19E-4309-8BC7-8633CEC76B49},,,Enumeratiesoort,,,,,
156,functieSpoor,Een aanduiding van alle waarden waarmee de functie van een spoor kan worden verbijzonderd,Enumeration,{3F8B80B4-05F9-4b76-B33B-2F9FD04AAFA0},,,Enumeratiesoort,,,,,
157,functieWeg,Een aanduiding van alle waarden waarmee het hoofdgebruiksdoel van een weg kan worden verbijzonderd,Enumeration,{7BDE072F-0E66-475b-9E1B-87112E0E538C},,,Enumeratiesoort,,,,,
158,functieWegPlus,De verschillende waarden waarmee een nadere categorisering van het gebruiksdoel van een weg kan worden verbijzonderd,Enumeration,{0A81C802-DF17-453f-B136-57844E8EA5CD},,,Enumeratiesoort,,,,,
159,fysiekVoorkomenBegroeidTerrein,Een aanduiding van alle waarden waarmee het fysiek voorkomen van een begroeid terrein kan worden verbijzonderd,Enumeration,{62B611C8-140B-42dd-8327-D258EB9D9E92},,,Enumeratiesoort,,,,,
160,fysiekVoorkomenBegroeidTerreinPlus,De verschillende waarden waarmee een nadere categorisering van het fysiek voorkomen van een begroeid terrein kan worden verbijzonderd,Enumeration,{7EC13CE7-ECD4-4a02-8844-3FD6AC4C52C7},,,Enumeratiesoort,,,,,
161,fysiekVoorkomenOnbegroeidTerrein,Een aanduiding van alle waarden waarmee het fysiek voorkomen van een onbegroeid terrein kan worden verbijzonderd,Enumeration,{3E70AED6-A01D-4482-8158-BC4EA16804CF},,,Enumeratiesoort,,,,,
162,fysiekVoorkomenOnbegroeidTerreinPlus,Een aanduiding van alle waarden waarmee een nadere categorisering van het fysiek voorkomen van een onbegroeid terrein kan worden verbijzonderd,Enumeration,{A9A8DD54-7906-4a59-85CF-1D32B7806A68},,,Enumeratiesoort,,,,,
163,fysiekVoorkomenOndersteunendWegdeel,Een aanduiding van alle waarden die de mate waarin een ondersteunend wegdeel al of niet verhard is weergeven,Enumeration,{E3C11CC8-D5A9-468b-AD26-8B3D5464EA87},,,Enumeratiesoort,,,,,
164,fysiekVoorkomenOndersteunendWegdeelPlus,"De verschillend waarden die een nadere classificatie van de mate waarin een ondersteunend wegdeel al of niet verhard is, kan aannemen.",Enumeration,{EF39D22A-B429-43b3-8099-E45C7482ED41},,,Enumeratiesoort,,,,,
165,fysiekVoorkomenWeg,Een aanduiding van alle waarden waarmee het fysiek voorkomen van een weg kan worden verbijzonderd,Enumeration,{A9215E2C-A24F-41b3-A44B-DA59870AB17D},,,Enumeratiesoort,,,,,
166,fysiekVoorkomenWegPlus,"De verschillende waarden die een nadere classificatie van de mate waarin een wegdeel al of niet verhard is, kan aannemen.",Enumeration,{9E1309B5-D4B2-4413-AE03-5EFA7EAF8041},,,Enumeratiesoort,,,,,
167,gebruiksdoel,"Een aanduiding va alle waarden waarmee het gebruiksdoel van een object kan 
worden verbijzonderd.",Enumeration,{6C1FC62B-EE66-4c73-BDBF-A59114A3806A},,,Enumeratiesoort,,,,,
168,geslacht,,Enumeration,{5868306F-8B4E-4cd0-A47E-D171DAE493D5},,,Enumeratiesoort,,,,,
169,inwinningsmethodeOppervlakte,Een codering van de verschillende waarden die de inningswijze van een verkrijging oppervlakte kan aannemen.,Enumeration,{C31CF2FB-6A99-4367-A8D5-DAE5495547A5},,,Enumeratiesoort,,,,,
170,inwinningsmethodeGeometrie,Een codering van de verschillende waarden die de inwinning geometrie kan aannemen,Enumeration,{C6594858-EB0F-4fe0-A8AD-B952291429E4},,,Enumeratiesoort,,,,,
171,naamgebruik,De voorgedefinieerde waarden van naamgebruik volgens de centrale voorzieningen. Zie attribuut <i>Naamgebruik</i> van groep A.1.12 Naamgebruik van BRP.,Enumeration,{C252CE97-1239-44b4-9180-8DAD48897FA0},,,Enumeratiesoort,,,,,
172,ontsluitingswijzeVerdieping,De verschillende waarden die de ontsluiting van een verdieping kan aannemen.,Enumeration,{96FFDD15-A8C1-46aa-A233-2F0F50DC9069},,,Enumeratiesoort,,,,,
173,predicaat,Een erenaam of betiteling van een persoon zoals die voorkomen in de centrale voorzieningen. Zie logisch ontwerp BRP bij de stamtabellen,Enumeration,{258FF0B3-7C1C-42ae-85C2-5D59D08DC64E},,,Enumeratiesoort,,,,,
174,redenEindeRelatie,De mogelijke redenen voor het beëindigen van een huwelijk of geregistreerd partnerschap. Zie logisch ontwerp BRP bij de stamtabellen,Enumeration,{2C60DCDA-1F7A-4b5a-8B07-90F38762146D},,,Enumeratiesoort,,,,,
175,redenWijzigingAdres,De aanduiding waarom het adres is gewijzigd.Zie logisch ontwerp BRP bij de stamtabellen,Enumeration,{8555EE0F-7514-4a93-8469-FDAEB28E2626},,,Enumeratiesoort,,,,,
176,soortBewind,Een aanduiding van de soorten bewind  waaronder een niet natuurlijke persoon kan staan.,Enumeration,{34742A68-FA8B-45fd-A99F-90889FA2C5DD},,,Enumeratiesoort,,,,,
177,soortBijzondereRechtstoestandNatuurlijkPersoon,Een aanduiding van de bijzondere rechtstoestanden waarin een natuurlijke persoon kan verkeren,Enumeration,{8B3F4F93-218F-4014-8698-A840E0D82CE4},,,Enumeratiesoort,,,,,
178,soortBijzondereRechtstoestandNietNatuurlijkPersoon,Een aanduiding van de bijzondere rechtstoestanden waarin een niet natuurlijke persoon kan verkeren,Enumeration,{A67D8A18-D8AE-4898-A186-CF27566A7AFC},,,Enumeratiesoort,,,,,
179,soortGebruik,Typering van het WOZ-object naar soorten gebruik,Enumeration,{2DA8DC70-F107-4216-BA6A-16200F7B647D},,,Enumeratiesoort,,,,,
180,soortMigratie,A.1.23. Soort migratie van BRP,Enumeration,{19B098F9-C63C-40ce-848D-093B73DE8710},,,Enumeratiesoort,,,,,
181,soortPubliekrechtelijkRechtsvorm,Door de Kamers van Koophandel vastgestelde publiekrechtelijk rechtsvormen.,Enumeration,{3E5210CC-DEDD-494c-94A2-FA767D54275A},,,Enumeratiesoort,,,,,
182,soortRechtsvorm,"Door de Kamers van Koophandel vastgestelde rechtsvormen van binnenlandse rechtspersonen (in oprichting), samenwerkingsverbanden en buitenlandse vennootschap met een onderneming of vestiging in Nederland",Enumeration,{EE5726F5-3FA7-4476-B74B-1C0775775F6B},,,Enumeratiesoort,,,,,
183,soortWoonobject,"<font color=""#0f0f0f"">De verschillende waarden die een soort woonobject kan aannemen.</font>",Enumeration,{F6BCD582-C397-4e96-BE6D-55FFE7380DF1},,,Enumeratiesoort,,,,,
184,statusWOZ-Beschikking,"<font color=""#0f0f0f"">De verschillende waarden die de status van een beschikking waarmee de waarde is vastgesteld, kan aannemen.</font>",Enumeration,{AF94EA13-2E6F-49fe-A6F8-1C599E9B27EC},,,Enumeratiesoort,,,,,
185,statusGeoObject,Een aanduiding van alle waarden van de status  die een geo-object kan aannemen.,Enumeration,{0F81E79F-B306-40b9-ADCA-59A1E3F55D2B},,,Enumeratiesoort,,,,,
186,StatLigplaatsStandplaats,"Een aanduiding van alle waarden die de status van een lig- of standplaats  
kan aannemen. ",Enumeration,{C27A40AB-D4D2-497b-923F-9C2251708BEF},,,Enumeratiesoort,,,,,
187,statusNummeraanduiding,Een aanduiding van alle  fases van de levenscyclus  die een  nummeraanduiding kan aannemen.,Enumeration,{567C34A4-213A-4c9b-B96D-D339BAC041A0},,,Enumeratiesoort,,,,,
188,statusOpenbareRuimte,Een aanduiding van alle fasen van de levenscyclus die een openbare ruimte kan aannemen.,Enumeration,{65E6F13C-2892-4068-9881-8B27C8134F14},,,Enumeratiesoort,,,,,
189,statusPand,De verschillende waarden die de status van een pand kan aannemen. ,Enumeration,{E2CC5DFC-C264-4c21-8E47-F551958E1C17},,,Enumeratiesoort,,,,,
190,statusVerblijfsobject,Een aanduiding van alle waarden die de status van een verblijfsobject kan aannemen. ,Enumeration,{7D71D6E8-89EB-4731-952B-FB4573D06DBE},,,Enumeratiesoort,,,,,
191,statusVoortgangBouw,Een aanduiding van alle fases die de voortgang bouw pand kan aannemen.,Enumeration,{8C49F097-6D95-4406-B3B7-58AC102B6FD2},,,Enumeratiesoort,,,,,
192,statusWoonplaats,"Een aanduiding van alle waarden die de status van een woonplaats 
kan aannemen. ",Enumeration,{3CF7C652-66DF-48c0-95D6-FC742C6DAAC0},,,Enumeratiesoort,,,,,
193,statusWOZ(Deel)Object,Een aanduiding van alle  fasen van de levenscyclus van WOZ-(deel)objecten,Enumeration,{4C3EC32C-0910-4a25-8F1D-B9529A06B272},,,Enumeratiesoort,,,,,
194,typeOverbrugging,Een codering van de verschillende waarden die de typering van een overbrugging kan aannemen.,Enumeration,{F6175714-DD26-4c1d-BE2D-F9A60E9B0717},,,Enumeratiesoort,,,,,
195,typeringAppartementsrechtsplitsing,De verschillende waarden die de typering van appartementsrechtsplitsingen kan aannemen.,Enumeration,{6D64D2BB-B7FF-4771-B12F-F97458E8447F},,,Enumeratiesoort,,,,,
196,typeringFunctie,De verschillende waarden die een type functie conform KvK kan aannemen,Enumeration,{259418D3-0294-4f13-A001-A84B00AFA11A},,,Enumeratiesoort,,,,,
197,typeringFunctionaris,De verschillende waarden die een type functionaris conform KvK kan aannemen.,Enumeration,{75587AAD-69CF-4db2-B8CB-F2C49BB84B9E},,,Enumeratiesoort,,,,,
198,typeringFunctioneelGebied,De verschillende waarden die de typering  van het functioneel gebied kan aannemen.,Enumeration,{9691D0DC-42FD-4590-A7AE-48A29EC9FAB6},,,Enumeratiesoort,,,,,
199,typeringGebouwinstallatie,"De verschillende waarden die de typering van een gebouwinstallatie kan aannemen.
",Enumeration,{EAAA0011-DD1F-4430-90EC-73150DE47D9C},,,Enumeratiesoort,,,,,
200,typeringIngeschrevenNietNatuurlijkPersoon,De verschillende waarden die de typering van een ingeschreven niet natuurlijk personen conform KvK kan aannemen,Enumeration,{536B347B-01A6-417c-A01D-1739BBD0B2E5},,,Enumeratiesoort,,,,,
201,typeringInrichtingselement,"<font color=""#0f0f0f"">De verschillende waarden die de typering van het inrichtingselement kan aannemen.</font>",Enumeration,{4A445D67-F0F4-47a9-834F-F99508939495},,,Enumeratiesoort,,,,,
202,typeringKunstwerk,De verschillende waarden die de typering van het kunstwerk kan aannemen.,Enumeration,{E86CB891-B9DD-4549-BC6E-7AB5CA87EF86},,,Enumeratiesoort,,,,,
203,typeringInrichtingselementPlus,De verschillende waarden die een nadere categorisering van een type inrichtingselement kan aannemen.,Enumeration,{587CF5D6-8528-45ed-9AA0-8E446F48B71F},,,Enumeratiesoort,,,,,
204,typeObjectcode,Codering van de binnen de BAG onderscheiden objecttypen.,Enumeration,{29B5467C-7E93-427a-9884-80CD0E931B6A},,,Enumeratiesoort,,,,,
205,typeringOndersteunendWater,De verschillende waarden die de typeringen van het  ondersteunend water kan aannemen.,Enumeration,{71F13BFD-E7BF-4b46-9E3F-BCC309372885},,,Enumeratiesoort,,,,,
206,typeringOndersteunendWaterPlus,De verschillende waarden die een nadere classificatie van de typering van het ondersteunend water kan aannemen.,Enumeration,{AAA4F542-CC71-4808-B355-5234B54B4D0C},,,Enumeratiesoort,,,,,
207,typeringOpenbareRuimte,De verschillende waarden die de typering van een openbare ruimte kan aannemen. ,Enumeration,{BAB6FE74-FD44-4fca-B021-B87D38DFA5CB},,,Enumeratiesoort,,,,,
208,typeringOverbruggingsdeel,De verschillende waarden die de typering van een  onderdeel van een brugconstructie kan aannemen,Enumeration,{E0597DF2-B664-4b3c-8DCE-08DFB6C905C3},,,Enumeratiesoort,,,,,
209,typeringOverigBouwwerk,De verschillende waarden die de typering van een overig bouwwerk kan aannemen,Enumeration,{F816C8FA-3D89-4004-944A-47A8D5C82ED5},,,Enumeratiesoort,,,,,
210,typeringOverigeScheiding,De verschillende waarden die de typering van een overige scheiding kan aannemen.,Enumeration,{25785008-A2F4-4725-A525-B0E4FF470D9D},,,Enumeratiesoort,,,,,
211,typeringScheiding,De verschillende waarden die de typering van een  scheiding kan aannemen,Enumeration,{46243659-A179-4d8d-9356-21680DA327E5},,,Enumeratiesoort,,,,,
212,typeringVegetatieobject,De verschillende waarden die de typeringen van een  vrijstaande vegetatieobject kan aannemen,Enumeration,{B92F9DEF-A728-4425-BF33-2CCA3090CE70},,,Enumeratiesoort,,,,,
213,typeringWater,"De verschillende waarden die de typering van het water kan aannemen.
",Enumeration,{61B9BC8D-DC58-4f6c-9EA7-11AD6101176B},,,Enumeratiesoort,,,,,
214,typeringWaterPlus,"De verschillende waarden die een nadere categorisering van een type water kan aannemen.
",Enumeration,{207728DF-D25F-4166-93DD-12EA3736161E},,,Enumeratiesoort,,,,,
215,typeringZekerheidsrecht,De verschillende waarden die de typering van het zekerheidsrecht kan aannemen.,Enumeration,{63813A6D-22A7-4fa1-AFA9-A40AFA3011A6},,,Enumeratiesoort,,,,,
